Workbook

Sheet Data
A1: Year | B1: School | C1: Award | D1: Player | E1: Class | F1: FGM | G1: FGA | H1: FG% | I1: FGM (1-19) | J1: FGA (1-19) | K1: FG% (1-19) | L1: FGM (20-29) | M1: FGA (20-29) | N1: FG% (20-29) | O1: FGM (30-39) | P1: FGA (30-39) | Q1: FG% (30-39) | R1: FGM (40-49) | S1: FGA (40-49) | T1: FG% (40-49) | U1: FGM (50+) | V1: FGA (50+) | W1: FG% (50+) | X1: LongFG | Y1: XPM | Z1: XPA | AA1: XP% | AB1: TP | AC1: FGMPG | AD1: RS Wins | AE1: Conference | AF1: P5/G6 | AG1: Data_Quality | AH1: FGM_Score | AI1: PGPct_Score | AJ1: FGM50_Score | AK1: Long_Score | AL1: FGMPG_Score | AM1: Total_Score
A2: 2025 | B2: Hawaii | C2: Finalist | D2: Kansei Matsuzawa | E2: Sr. | F2: 27 | G2: 29 | H2: =F2/G2 -> 0.93103448 | I2: 1 | J2: 1 | K2: =IF(J2=0, "", R2/S2) -> 1 | L2: 5 | M2: 5 | N2: =IF(M2=0, "", R2/S2) -> 1 | O2: 10 | P2: 11 | Q2: =DIVIDE(O2,P2) -> 0.90909091 | R2: 10 | S2: 10 | T2: =IF(S2=0, "", R2/S2) -> 1 | U2: 1 | V2: 2 | W2: =IF(V2=0, "", U2/V2) -> 0.5 | X2: 52 | Y2: 40 | Z2: 40 | AA2: =Y2/Z2 -> 1 | AB2: 121 | AC2: 2.1 | AD2: 8 | AE2: MWC | AF2: G6 | AG2: Complete | AH2: =IF(F2<15, 0, IF(F2<24, 1, 2)) -> 2 | AI2: =IF(H2<0.818, 0, IF(H2<0.9146, 1, 2)) -> 2 | AJ2: =IF(U2<1, 0, IF(U2<2, 1, 2)) -> 1 | AK2: =IF(X2<47, 0, IF(X2<55, 1, 2)) -> 1 | AL2: =IF(AC2<1.1, 0, IF(AC2<1.8, 1, 2)) -> 2 | AM2: =SUM(AH2:AL2) -> 8
A3: 2025 | B3: Oklahoma | C3: Winner | D3: Tate Sandell | E3: Jr. | F3: 24 | G3: 27 | H3: =F3/G3 -> 0.88888889 | I3: 0 | J3: 0 | K3: =IF(J3=0, "", R3/S3) | L3: 5 | M3: 5 | N3: =IF(M3=0, "", R3/S3) -> 0.88888889 | O3: 3 | P3: 4 | Q3: =DIVIDE(O3,P3) -> 0.75 | R3: 8 | S3: 9 | T3: =IF(S3=0, "", R3/S3) -> 0.88888889 | U3: 8 | V3: 9 | W3: =IF(V3=0, "", U3/V3) -> 0.88888889 | X3: 55 | Y3: 35 | Z3: 35 | AA3: =Y3/Z3 -> 1 | AB3: 107 | AC3: 1.8 | AD3: 10 | AE3: SEC | AF3: P5 | AG3: Complete | AH3: =IF(F3<15, 0, IF(F3<24, 1, 2)) -> 2 | AI3: =IF(H3<0.818, 0, IF(H3<0.9146, 1, 2)) -> 1 | AJ3: =IF(U3<1, 0, IF(U3<2, 1, 2)) -> 2 | AK3: =IF(X3<47, 0, IF(X3<55, 1, 2)) -> 2 | AL3: =IF(AC3<1.1, 0, IF(AC3<1.8, 1, 2)) -> 2 | AM3: =SUM(AH3:AL3) -> 9
A4: 2025 | B4: Georgia Tech | C4: Finalist | D4: Aidan Birr | E4: Jr. | F4: 25 | G4: 29 | H4: =F4/G4 -> 0.86206897 | I4: 1 | J4: 1 | K4: =IF(J4=0, "", R4/S4) -> 0.875 | L4: 9 | M4: 9 | N4: =IF(M4=0, "", R4/S4) -> 0.875 | O4: 7 | P4: 8 | Q4: =DIVIDE(O4,P4) -> 0.875 | R4: 7 | S4: 8 | T4: =IF(S4=0, "", R4/S4) -> 0.875 | U4: 1 | V4: 3 | W4: =IF(V4=0, "", U4/V4) -> 0.33333333 | X4: 55 | Y4: 45 | Z4: 45 | AA4: =Y4/Z4 -> 1 | AB4: 120 | AC4: 1.9 | AD4: 9 | AE4: ACC | AF4: P5 | AG4: Complete | AH4: =IF(F4<15, 0, IF(F4<24, 1, 2)) -> 2 | AI4: =IF(H4<0.818, 0, IF(H4<0.9146, 1, 2)) -> 1 | AJ4: =IF(U4<1, 0, IF(U4<2, 1, 2)) -> 1 | AK4: =IF(X4<47, 0, IF(X4<55, 1, 2)) -> 2 | AL4: =IF(AC4<1.1, 0, IF(AC4<1.8, 1, 2)) -> 2 | AM4: =SUM(AH4:AL4) -> 8
A5: 2024 | B5: Kentucky | C5: Finalist | D5: Alex Raynor | E5: Sr. | F5: 15 | G5: 16 | H5: =F5/G5 -> 0.9375 | I5: 0 | J5: 0 | K5: =IF(J5=0, "", R5/S5) | L5: 4 | M5: 4 | N5: =IF(M5=0, "", R5/S5) -> 1 | O5: 1 | P5: 1 | Q5: =DIVIDE(O5,P5) -> 1 | R5: 4 | S5: 4 | T5: =IF(S5=0, "", R5/S5) -> 1 | U5: 1 | V5: 2 | W5: =IF(V5=0, "", U5/V5) -> 0.5 | X5: 50 | Y5: 26 | Z5: 27 | AA5: =Y5/Z5 -> 0.96296296 | AB5: 71 | AC5: 1.3 | AD5: 4 | AE5: SEC | AF5: P5 | AG5: Complete | AH5: =IF(F5<15, 0, IF(F5<24, 1, 2)) -> 1 | AI5: =IF(H5<0.818, 0, IF(H5<0.9146, 1, 2)) -> 2 | AJ5: =IF(U5<1, 0, IF(U5<2, 1, 2)) -> 1 | AK5: =IF(X5<47, 0, IF(X5<55, 1, 2)) -> 1 | AL5: =IF(AC5<1.1, 0, IF(AC5<1.8, 1, 2)) -> 1 | AM5: =SUM(AH5:AL5) -> 6
A6: 2024 | B6: Louisiana | C6: Winner | D6: Kenneth Almendares | E6: Sr. | F6: 28 | G6: 31 | H6: =F6/G6 -> 0.90322581 | I6: 1 | J6: 1 | K6: =IF(J6=0, "", R6/S6) -> 1 | L6: 8 | M6: 8 | N6: =IF(M6=0, "", R6/S6) -> 1 | O6: 9 | P6: 9 | Q6: =DIVIDE(O6,P6) -> 1 | R6: 8 | S6: 8 | T6: =IF(S6=0, "", R6/S6) -> 1 | U6: 2 | V6: 5 | W6: =IF(V6=0, "", U6/V6) -> 0.4 | X6: 53 | Y6: 50 | Z6: 51 | AA6: =Y6/Z6 -> 0.98039216 | AB6: 130 | AC6: 2 | AD6: 10 | AE6: Sun Belt | AF6: G6 | AG6: Complete | AH6: =IF(F6<15, 0, IF(F6<24, 1, 2)) -> 2 | AI6: =IF(H6<0.818, 0, IF(H6<0.9146, 1, 2)) -> 1 | AJ6: =IF(U6<1, 0, IF(U6<2, 1, 2)) -> 2 | AK6: =IF(X6<47, 0, IF(X6<55, 1, 2)) -> 1 | AL6: =IF(AC6<1.1, 0, IF(AC6<1.8, 1, 2)) -> 2 | AM6: =SUM(AH6:AL6) -> 8
A7: 2024 | B7: Florda State | C7: Finalist | D7: Ryan Fitzgerald | E7: Sr. | F7: 13 | G7: 13 | H7: =F7/G7 -> 1 | I7: 0 | J7: 0 | K7: =IF(J7=0, "", R7/S7) | L7: 5 | M7: 5 | N7: 1 | O7: 3 | P7: 3 | Q7: =DIVIDE(O7,P7) -> 1 | R7: 0 | S7: 0 | T7: =IF(S7=0, "", R7/S7) | U7: 5 | V7: 5 | W7: =IF(V7=0, "", U7/V7) -> 1 | X7: 59 | Y7: 14 | Z7: 14 | AA7: =Y7/Z7 -> 1 | AB7: 53 | AC7: 1.1 | AD7: 2 | AE7: ACC | AF7: P5 | AG7: Complete | AH7: =IF(F7<15, 0, IF(F7<24, 1, 2)) -> 0 | AI7: =IF(H7<0.818, 0, IF(H7<0.9146, 1, 2)) -> 2 | AJ7: =IF(U7<1, 0, IF(U7<2, 1, 2)) -> 2 | AK7: =IF(X7<47, 0, IF(X7<55, 1, 2)) -> 2 | AL7: =IF(AC7<1.1, 0, IF(AC7<1.8, 1, 2)) -> 1 | AM7: =SUM(AH7:AL7) -> 7
A8: 2023 | B8: Miami (OH) | C8: Winner | D8: Graham Nicholson | E8: Jr. | F8: 27 | G8: 28 | H8: =F8/G8 -> 0.96428571 | I8: 1 | J8: 1 | K8: =IF(J8=0, "", R8/S8) -> 0.9 | L8: 6 | M8: 6 | N8: =IF(M8=0, "", R8/S8) -> 0.9 | O8: 10 | P8: 10 | Q8: =DIVIDE(O8,P8) -> 1 | R8: 9 | S8: 10 | T8: =IF(S8=0, "", R8/S8) -> 0.9 | U8: 1 | V8: 1 | W8: =IF(V8=0, "", U8/V8) -> 1 | X8: 52 | Y8: 35 | Z8: 37 | AA8: =Y8/Z8 -> 0.94594595 | AB8: 116 | AC8: 1.9 | AD8: 10 | AE8: MAC | AF8: G6 | AG8: Complete | AH8: =IF(F8<15, 0, IF(F8<24, 1, 2)) -> 2 | AI8: =IF(H8<0.818, 0, IF(H8<0.9146, 1, 2)) -> 2 | AJ8: =IF(U8<1, 0, IF(U8<2, 1, 2)) -> 1 | AK8: =IF(X8<47, 0, IF(X8<55, 1, 2)) -> 1 | AL8: =IF(AC8<1.1, 0, IF(AC8<1.8, 1, 2)) -> 2 | AM8: =SUM(AH8:AL8) -> 8
A9: 2023 | B9: UNLV | C9: Finalist | D9: Jose Pizano | E9: Sr. | F9: 26 | G9: 29 | H9: =F9/G9 -> 0.89655172 | I9: 0 | J9: 0 | K9: =IF(J9=0, "", R9/S9) | L9: 5 | M9: 5 | N9: =IF(M9=0, "", R9/S9) -> 0.8 | O9: 11 | P9: 11 | Q9: =DIVIDE(O9,P9) -> 1 | R9: 8 | S9: 10 | T9: =IF(S9=0, "", R9/S9) -> 0.8 | U9: 2 | V9: 3 | W9: =IF(V9=0, "", U9/V9) -> 0.66666667 | X9: 52 | Y9: 55 | Z9: 55 | AA9: =Y9/Z9 -> 1 | AB9: 133 | AC9: 1.9 | AD9: 9 | AE9: MWC | AF9: G6 | AG9: Complete | AH9: =IF(F9<15, 0, IF(F9<24, 1, 2)) -> 2 | AI9: =IF(H9<0.818, 0, IF(H9<0.9146, 1, 2)) -> 1 | AJ9: =IF(U9<1, 0, IF(U9<2, 1, 2)) -> 2 | AK9: =IF(X9<47, 0, IF(X9<55, 1, 2)) -> 1 | AL9: =IF(AC9<1.1, 0, IF(AC9<1.8, 1, 2)) -> 2 | AM9: =SUM(AH9:AL9) -> 8
A10: 2023 | B10: Alabama | C10: Finalist | D10: Will Reichard | E10: Sr. | F10: 22 | G10: 25 | H10: =F10/G10 -> 0.88 | I10: 0 | J10: 0 | K10: =IF(J10=0, "", R10/S10) | L10: 3 | M10: 3 | N10: =IF(M10=0, "", R10/S10) -> 0.7 | O10: 7 | P10: 7 | Q10: =DIVIDE(O10,P10) -> 1 | R10: 7 | S10: 10 | T10: =IF(S10=0, "", R10/S10) -> 0.7 | U10: 5 | V10: 5 | W10: =IF(V10=0, "", U10/V10) -> 1 | X10: 52 | Y10: 55 | Z10: 55 | AA10: =Y10/Z10 -> 1 | AB10: 121 | AC10: 1.6 | AD10: 11 | AE10: SEC | AF10: P5 | AG10: Complete | AH10: =IF(F10<15, 0, IF(F10<24, 1, 2)) -> 1 | AI10: =IF(H10<0.818, 0, IF(H10<0.9146, 1, 2)) -> 1 | AJ10: =IF(U10<1, 0, IF(U10<2, 1, 2)) -> 2 | AK10: =IF(X10<47, 0, IF(X10<55, 1, 2)) -> 1 | AL10: =IF(AC10<1.1, 0, IF(AC10<1.8, 1, 2)) -> 1 | AM10: =SUM(AH10:AL10) -> 6
A11: 2022 | B11: NC St. | C11: Winner | D11: Christopher Dunn | E11: Sr. | F11: 28 | G11: 29 | H11: =F11/G11 -> 0.96551724 | I11: 1 | J11: 1 | K11: =IF(J11=0, "", R11/S11) -> 0.88888889 | L11: 8 | M11: 8 | N11: =IF(M11=0, "", R11/S11) -> 0.88888889 | O11: 9 | P11: 9 | Q11: =DIVIDE(O11,P11) -> 1 | R11: 8 | S11: 9 | T11: =IF(S11=0, "", R11/S11) -> 0.88888889 | U11: 2 | V11: 2 | W11: =IF(V11=0, "", U11/V11) -> 1 | X11: 53 | Y11: 30 | Z11: 30 | AA11: =Y11/Z11 -> 1 | AB11: 114 | AC11: 2.2 | AD11: 8 | AE11: ACC | AF11: P5 | AG11: Complete | AH11: =IF(F11<15, 0, IF(F11<24, 1, 2)) -> 2 | AI11: =IF(H11<0.818, 0, IF(H11<0.9146, 1, 2)) -> 2 | AJ11: =IF(U11<1, 0, IF(U11<2, 1, 2)) -> 2 | AK11: =IF(X11<47, 0, IF(X11<55, 1, 2)) -> 1 | AL11: =IF(AC11<1.1, 0, IF(AC11<1.8, 1, 2)) -> 2 | AM11: =SUM(AH11:AL11) -> 9
A12: 2022 | B12: Michigan | C12: Finalist | D12: Jake Moody | E12: Sr. | F12: 29 | G12: 35 | H12: =F12/G12 -> 0.82857143 | I12: 0 | J12: 0 | K12: =IF(J12=0, "", R12/S12) | L12: 9 | M12: 10 | N12: =IF(M12=0, "", R12/S12) -> 0.875 | O12: 10 | P12: 10 | Q12: =DIVIDE(O12,P12) -> 1 | R12: 7 | S12: 8 | T12: =IF(S12=0, "", R12/S12) -> 0.875 | U12: 3 | V12: 7 | W12: =IF(V12=0, "", U12/V12) -> 0.42857143 | X12: 59 | Y12: 60 | Z12: 60 | AA12: =Y12/Z12 -> 1 | AB12: 147 | AC12: 2.1 | AD12: 12 | AE12: Big Ten | AF12: P5 | AG12: Complete | AH12: =IF(F12<15, 0, IF(F12<24, 1, 2)) -> 2 | AI12: =IF(H12<0.818, 0, IF(H12<0.9146, 1, 2)) -> 1 | AJ12: =IF(U12<1, 0, IF(U12<2, 1, 2)) -> 2 | AK12: =IF(X12<47, 0, IF(X12<55, 1, 2)) -> 2 | AL12: =IF(AC12<1.1, 0, IF(AC12<1.8, 1, 2)) -> 2 | AM12: =SUM(AH12:AL12) -> 9
A13: 2022 | B13: Stanford | C13: Finalist | D13: Joshua Karty | E13: Jr. | F13: 18 | G13: 18 | H13: =F13/G13 -> 1 | I13: 0 | J13: 0 | K13: =IF(J13=0, "", R13/S13) | L13: 2 | M13: 2 | N13: =IF(M13=0, "", R13/S13) -> 1 | O13: 3 | P13: 3 | Q13: =DIVIDE(O13,P13) -> 1 | R13: 10 | S13: 10 | T13: =IF(S13=0, "", R13/S13) -> 1 | U13: 3 | V13: 3 | W13: =IF(V13=0, "", U13/V13) -> 1 | X13: 61 | Y13: 24 | Z13: 25 | AA13: =Y13/Z13 -> 0.96 | AB13: 90 | AC13: 1.5 | AD13: 3 | AE13: Pac-12 | AF13: P5 | AG13: Complete | AH13: =IF(F13<15, 0, IF(F13<24, 1, 2)) -> 1 | AI13: =IF(H13<0.818, 0, IF(H13<0.9146, 1, 2)) -> 2 | AJ13: =IF(U13<1, 0, IF(U13<2, 1, 2)) -> 2 | AK13: =IF(X13<47, 0, IF(X13<55, 1, 2)) -> 2 | AL13: =IF(AC13<1.1, 0, IF(AC13<1.8, 1, 2)) -> 1 | AM13: =SUM(AH13:AL13) -> 8
A14: 2021 | B14: Ohio State | C14: Finalist | D14: Noah Ruggles | E14: Jr. | F14: 20 | G14: 21 | H14: =F14/G14 -> 0.95238095 | I14: 1 | J14: 1 | K14: =IF(J14=0, "", R14/S14) -> 1 | L14: 6 | M14: 6 | N14: =IF(M14=0, "", R14/S14) -> 1 | O14: 9 | P14: 10 | Q14: =DIVIDE(O14,P14) -> 0.9 | R14: 4 | S14: 4 | T14: =IF(S14=0, "", R14/S14) -> 1 | U14: 0 | V14: 0 | W14: =IF(V14=0, "", U14/V14) | X14: 46 | Y14: 74 | Z14: 74 | AA14: =Y14/Z14 -> 1 | AB14: 125 | AC14: 1.5 | AD14: 10 | AE14: Big Ten | AF14: P5 | AG14: Complete | AH14: =IF(F14<15, 0, IF(F14<24, 1, 2)) -> 1 | AI14: =IF(H14<0.818, 0, IF(H14<0.9146, 1, 2)) -> 2 | AJ14: =IF(U14<1, 0, IF(U14<2, 1, 2)) -> 0 | AK14: =IF(X14<47, 0, IF(X14<55, 1, 2)) -> 0 | AL14: =IF(AC14<1.1, 0, IF(AC14<1.8, 1, 2)) -> 1 | AM14: =SUM(AH14:AL14) -> 4
A15: 2021 | B15: Michigan | C15: Winner | D15: Jake Moody | E15: Jr. | F15: 23 | G15: 25 | H15: =F15/G15 -> 0.92 | I15: 0 | J15: 0 | K15: =IF(J15=0, "", R15/S15) | L15: 6 | M15: 6 | N15: =IF(M15=0, "", R15/S15) -> 0.6 | O15: 13 | P15: 13 | Q15: =DIVIDE(O15,P15) -> 1 | R15: 3 | S15: 5 | T15: =IF(S15=0, "", R15/S15) -> 0.6 | U15: 1 | V15: 1 | W15: =IF(V15=0, "", U15/V15) -> 1 | X15: 52 | Y15: 56 | Z15: 56 | AA15: =Y15/Z15 -> 1 | AB15: 125 | AC15: 1.6 | AD15: 11 | AE15: Big Ten | AF15: P5 | AG15: Complete | AH15: =IF(F15<15, 0, IF(F15<24, 1, 2)) -> 1 | AI15: =IF(H15<0.818, 0, IF(H15<0.9146, 1, 2)) -> 2 | AJ15: =IF(U15<1, 0, IF(U15<2, 1, 2)) -> 1 | AK15: =IF(X15<47, 0, IF(X15<55, 1, 2)) -> 1 | AL15: =IF(AC15<1.1, 0, IF(AC15<1.8, 1, 2)) -> 1 | AM15: =SUM(AH15:AL15) -> 6
A16: 2021 | B16: Oklahoma | C16: Finalist | D16: Gabe Brkic | E16: Sr. | F16: 20 | G16: 26 | H16: =F16/G16 -> 0.76923077 | I16: 0 | J16: 0 | K16: =IF(J16=0, "", R16/S16) | L16: 8 | M16: 9 | N16: =IF(M16=0, "", R16/S16) -> 0.66666667 | O16: 3 | P16: 4 | Q16: =DIVIDE(O16,P16) -> 0.75 | R16: 4 | S16: 6 | T16: =IF(S16=0, "", R16/S16) -> 0.66666667 | U16: 5 | V16: 7 | W16: =IF(V16=0, "", U16/V16) -> 0.71428571 | X16: 56 | Y16: 57 | Z16: 58 | AA16: =Y16/Z16 -> 0.98275862 | AB16: 117 | AC16: 1.5 | AD16: 10 | AE16: Big 12 | AF16: P5 | AG16: Complete | AH16: =IF(F16<15, 0, IF(F16<24, 1, 2)) -> 1 | AI16: =IF(H16<0.818, 0, IF(H16<0.9146, 1, 2)) -> 0 | AJ16: =IF(U16<1, 0, IF(U16<2, 1, 2)) -> 2 | AK16: =IF(X16<47, 0, IF(X16<55, 1, 2)) -> 2 | AL16: =IF(AC16<1.1, 0, IF(AC16<1.8, 1, 2)) -> 1 | AM16: =SUM(AH16:AL16) -> 6
A17: 2020 | B17: Alabama | C17: Finalist | D17: Will Reichard | E17: So. | F17: 14 | G17: 14 | H17: =F17/G17 -> 1 | I17: 0 | J17: 0 | K17: =IF(J17=0, "", R17/S17) | L17: 5 | M17: 5 | N17: =IF(M17=0, "", R17/S17) -> 1 | O17: 5 | P17: 5 | Q17: =DIVIDE(O17,P17) -> 1 | R17: 3 | S17: 3 | T17: =IF(S17=0, "", R17/S17) -> 1 | U17: 1 | V17: 1 | W17: =IF(V17=0, "", U17/V17) -> 1 | X17: 52 | Y17: 84 | Z17: 84 | AA17: =Y17/Z17 -> 1 | AB17: 126 | AC17: 1.1 | AD17: 13 | AE17: SEC | AF17: P5 | AG17: Complete | AH17: =IF(F17<15, 0, IF(F17<24, 1, 2)) -> 0 | AI17: =IF(H17<0.818, 0, IF(H17<0.9146, 1, 2)) -> 2 | AJ17: =IF(U17<1, 0, IF(U17<2, 1, 2)) -> 1 | AK17: =IF(X17<47, 0, IF(X17<55, 1, 2)) -> 1 | AL17: =IF(AC17<1.1, 0, IF(AC17<1.8, 1, 2)) -> 1 | AM17: =SUM(AH17:AL17) -> 5
A18: 2020 | B18: BYU | C18: Finalist | D18: Jake Oldroyd | E18: So. | F18: 13 | G18: 13 | H18: =F18/G18 -> 1 | I18: 0 | J18: 0 | K18: =IF(J18=0, "", R18/S18) | L18: 5 | M18: 5 | N18: =IF(M18=0, "", R18/S18) -> 1 | O18: 1 | P18: 1 | Q18: =DIVIDE(O18,P18) -> 1 | R18: 4 | S18: 4 | T18: =IF(S18=0, "", R18/S18) -> 1 | U18: 3 | V18: 3 | W18: =IF(V18=0, "", U18/V18) -> 1 | X18: 54 | Y18: 60 | Z18: 62 | AA18: =Y18/Z18 -> 0.96774194 | AB18: 99 | AC18: 1.2 | AD18: 10 | AE18: Indy | AF18: G6 | AG18: Complete | AH18: =IF(F18<15, 0, IF(F18<24, 1, 2)) -> 0 | AI18: =IF(H18<0.818, 0, IF(H18<0.9146, 1, 2)) -> 2 | AJ18: =IF(U18<1, 0, IF(U18<2, 1, 2)) -> 2 | AK18: =IF(X18<47, 0, IF(X18<55, 1, 2)) -> 1 | AL18: =IF(AC18<1.1, 0, IF(AC18<1.8, 1, 2)) -> 1 | AM18: =SUM(AH18:AL18) -> 6
A19: 2020 | B19: Miami (FL) | C19: Winner | D19: Jose Borregales | E19: Sr. | F19: 20 | G19: 22 | H19: =F19/G19 -> 0.90909091 | I19: 0 | J19: 0 | K19: =IF(J19=0, "", R19/S19) | L19: 5 | M19: 5 | N19: =IF(M19=0, "", R19/S19) -> 0.77777778 | O19: 6 | P19: 6 | Q19: =DIVIDE(O19,P19) -> 1 | R19: 7 | S19: 9 | T19: =IF(S19=0, "", R19/S19) -> 0.77777778 | U19: 2 | V19: 2 | W19: =IF(V19=0, "", U19/V19) -> 1 | X19: 57 | Y19: 37 | Z19: 37 | AA19: =Y19/Z19 -> 1 | AB19: 97 | AC19: 1.8 | AD19: 8 | AE19: ACC | AF19: P5 | AG19: Complete | AH19: =IF(F19<15, 0, IF(F19<24, 1, 2)) -> 1 | AI19: =IF(H19<0.818, 0, IF(H19<0.9146, 1, 2)) -> 1 | AJ19: =IF(U19<1, 0, IF(U19<2, 1, 2)) -> 2 | AK19: =IF(X19<47, 0, IF(X19<55, 1, 2)) -> 2 | AL19: =IF(AC19<1.1, 0, IF(AC19<1.8, 1, 2)) -> 2 | AM19: =SUM(AH19:AL19) -> 8
... A71: 2001 | B71: Tulane | C71: Winner | D71: Seth Marler | E71: Jr. | F71: 15 | G71: 16 | H71: =F71/G71 -> 0.9375 | I71: 0 | J71: 0 | K71: =IF(J71=0, "", R71/S71) | L71: 4 | M71: 5 | N71: =IF(M71=0, "", R71/S71) -> 1 | O71: 4 | P71: 4 | Q71: =DIVIDE(O71,P71) -> 1 | R71: 4 | S71: 4 | T71: =IF(S71=0, "", R71/S71) -> 1 | U71: 3 | V71: 3 | W71: =IF(V71=0, "", U71/V71) -> 1 | X71: 53 | Y71: 39 | Z71: 40 | AA71: =Y71/Z71 -> 0.975 | AB71: 84 | AC71: 1.3 | AD71: 3 | AE71: CUSA | AF71: G6 | AG71: Complete | AH71: =IF(F71<15, 0, IF(F71<24, 1, 2)) -> 1 | AI71: =IF(H71<0.818, 0, IF(H71<0.9146, 1, 2)) -> 2 | AJ71: =IF(U71<1, 0, IF(U71<2, 1, 2)) -> 2 | AK71: =IF(X71<47, 0, IF(X71<55, 1, 2)) -> 1 | AL71: =IF(AC71<1.1, 0, IF(AC71<1.8, 1, 2)) -> 1 | AM71: =SUM(AH71:AL71) -> 7

Sheet Winner vs. Non-Winner Compariso
A1: Statistic | B1: Winner Average | C1: Non-Winner Average | D1: Difference
A2: FG% | B2: =AVERAGEIFS(Data!H:H, Data!C:C, "Winner") -> 0.90428698 | C2: =AVERAGEIFS(Data!H:H, Data!C:C, "<>Winner") -> 0.87608723 | D2: =B2-C2 -> 0.028199749
A3: FGM | B3: =AVERAGEIFS(Data!F:F, Data!C:C, "Winner") -> 23.333333 | C3: =AVERAGEIFS(Data!F:F, Data!C:C, "<>Winner") -> 22.043478 | D3: =B3-C3 -> 1.2898551
A4: FGA | B4: =AVERAGEIFS(Data!G:G, Data!C:C, "Winner") -> 25.916667 | C4: =AVERAGEIFS(Data!G:G, Data!C:C, "<>Winner") -> 25.5 | D4: =B4-C4 -> 0.41666667
A5: FGM (1-19) | B5: =AVERAGEIFS(Data!I:I, Data!C:C, "Winner") -> 0.54166667 | C5: =AVERAGEIFS(Data!I:I, Data!C:C, "<>Winner") -> 0.2826087 | D5: =B5-C5 -> 0.25905797
A6: FG% (1-19) | B6: =AVERAGEIFS(Data!K:K, Data!C:C, "Winner") -> 0.86051587 | C6: =AVERAGEIFS(Data!K:K, Data!C:C, "<>Winner") -> 0.8137294 | D6: =B6-C6 -> 0.046786474
A7: FGM (20-29) | B7: =AVERAGEIFS(Data!L:L, Data!C:C, "Winner") -> 6.4166667 | C7: =AVERAGEIFS(Data!L:L, Data!C:C, "<>Winner") -> 6.7826087 | D7: =B7-C7 -> -0.36594203
A8: FG% (20-29) | B8: =AVERAGEIFS(Data!N:N, Data!C:C, "Winner") -> 0.8496152 | C8: =AVERAGEIFS(Data!N:N, Data!C:C, "<>Winner") -> 0.82120378 | D8: =B8-C8 -> 0.028411416
A9: FGM (30-39) | B9: =AVERAGEIFS(Data!O:O, Data!C:C, "Winner") -> 7.625 | C9: =AVERAGEIFS(Data!O:O, Data!C:C, "<>Winner") -> 6.6521739 | D9: =B9-C9 -> 0.97282609
A10: FG% (30-39) | B10: =AVERAGEIFS(Data!Q:Q, Data!C:C, "Winner") -> 0.93262085 | C10: =AVERAGEIFS(Data!Q:Q, Data!C:C, "<>Winner") -> 0.91004708 | D10: =B10-C10 -> 0.022573769
A11: FGM (40-49) | B11: =AVERAGEIFS(Data!R:R, Data!C:C, "Winner") -> 6.6666667 | C11: =AVERAGEIFS(Data!R:R, Data!C:C, "<>Winner") -> 6.0217391 | D11: =B11-C11 -> 0.64492754
A12: FG% (40-49) | B12: =AVERAGEIFS(Data!T:T, Data!C:C, "Winner") -> 0.8496152 | C12: =AVERAGEIFS(Data!T:T, Data!C:C, "<>Winner") -> 0.81723053 | D12: =B12-C12 -> 0.032384665
A13: FGM (50+) | B13: =AVERAGEIFS(Data!U:U, Data!C:C, "Winner") -> 2.5833333 | C13: =AVERAGEIFS(Data!U:U, Data!C:C, "<>Winner") -> 2.2391304 | D13: =B13-C13 -> 0.3442029
A14: FG% (50+) | B14: =AVERAGEIFS(Data!W:W, Data!C:C, "Winner") -> 0.74573413 | C14: =AVERAGEIFS(Data!W:W, Data!C:C, "<>Winner") -> 0.72601626 | D14: =B14-C14 -> 0.019717867
A15: Longest | B15: =AVERAGEIFS(Data!X:X, Data!C:C, "Winner") -> 53.833333 | C15: =AVERAGEIFS(Data!X:X, Data!C:C, "<>Winner") -> 52.695652 | D15: =B15-C15 -> 1.1376812
A16: XP% | B16: =AVERAGEIFS(Data!AA:AA, Data!C:C, "Winner") -> 0.98520654 | C16: =AVERAGEIFS(Data!AA:AA, Data!C:C, "<>Winner") -> 0.9874706 | D16: =B16-C16 -> -0.0022640623
A17: FGMPG | B17: =AVERAGEIFS(Data!AC:AC, Data!C:C, "Winner") -> 1.8375 | C17: =AVERAGEIFS(Data!AC:AC, Data!C:C, "<>Winner") -> 1.7173913 | D17: =B17-C17 -> 0.1201087
A18: Total Points | B18: =AVERAGEIFS(Data!AB:AB, Data!C:C, "Winner") -> 115 | C18: =AVERAGEIFS(Data!AB:AB, Data!C:C, "<>Winner") -> 110.28261 | D18: =B18-C18 -> 4.7173913
A19: Team Wins | B19: =AVERAGEIFS(Data!AD:AD, Data!C:C, "Winner") -> 7.9583333 | C19: =AVERAGEIFS(Data!AD:AD, Data!C:C, "<>Winner") -> 7.8913043 | D19: =B19-C19 -> 0.067028986
A20: Rubric Points | B20: =AVERAGEIFS(Data!AM:AM, Data!C:C, "Winner") -> 7.625 | C20: =AVERAGEIFS(Data!AM:AM, Data!C:C, "<>Winner") -> 6.5217391 | D20: =B20-C20 -> 1.1032609

Sheet Winner Analysis
A1: Statistic | B1: Minimum | C1: Maximum | D1: Average | E1: Median
A2: FG% | B2: =MINIFS(Data!H:H, Data!C:C, "Winner") -> 0.81818182 | C2: =MAXIFS(Data!H:H, Data!C:C, "Winner") -> 1 | D2: =AVERAGEIFS(Data!H:H, Data!C:C, "Winner") -> 0.90428698 | E2: {=MEDIAN(IF(Data!C:C="Winner", Data!H:H))} -> 0.89988877
A3: FGM | B3: =MINIFS(Data!F:F, Data!C:C, "Winner") -> 15 | C3: =MAXIFS(Data!F:F, Data!C:C, "Winner") -> 30 | D3: =AVERAGEIFS(Data!F:F, Data!C:C, "Winner") -> 23.333333 | E3: {=MEDIAN(IF(Data!C:C="Winner", Data!F:F))} -> 23.5
A4: FGA | B4: =MINIFS(Data!G:G, Data!C:C, "Winner") -> 16 | C4: =MAXIFS(Data!G:G, Data!C:C, "Winner") -> 34 | D4: =AVERAGEIFS(Data!G:G, Data!C:C, "Winner") -> 25.916667 | E4: {=MEDIAN(IF(Data!C:C="Winner", Data!G:G))} -> 26.5
A5: FGM (1-19) | B5: =MINIFS(Data!I:I, Data!C:C, "Winner") -> 0 | C5: =MAXIFS(Data!I:I, Data!C:C, "Winner") -> 4 | D5: =AVERAGEIFS(Data!I:I, Data!C:C, "Winner") -> 0.54166667 | E5: {=MEDIAN(IF(Data!C:C="Winner", Data!I:I))} -> 0
A6: FG% (1-19) | B6: =MINIFS(Data!K:K, Data!C:C, "Winner") -> 0.57142857 | C6: =MAXIFS(Data!K:K, Data!C:C, "Winner") -> 1 | D6: =AVERAGEIFS(Data!K:K, Data!C:C, "Winner") -> 0.86051587 | E6: =MAXIFS(Data!K:K, Data!C:C, "Winner") -> 1
A7: FGM (20-29) | B7: =MINIFS(Data!L:L, Data!C:C, "Winner") -> 3 | C7: =MAXIFS(Data!L:L, Data!C:C, "Winner") -> 10 | D7: =AVERAGEIFS(Data!L:L, Data!C:C, "Winner") -> 6.4166667 | E7: {=MEDIAN(IF(Data!C:C="Winner", Data!L:L))} -> 6
A8: FG% (20-29) | B8: =MINIFS(Data!N:N, Data!C:C, "Winner") -> 0.4 | C8: =MAXIFS(Data!N:N, Data!C:C, "Winner") -> 1 | D8: =AVERAGEIFS(Data!N:N, Data!C:C, "Winner") -> 0.8496152 | E8: =MAXIFS(Data!N:N, Data!C:C, "Winner") -> 1
A9: FGM (30-39) | B9: =MINIFS(Data!O:O, Data!C:C, "Winner") -> 2 | C9: =MAXIFS(Data!O:O, Data!C:C, "Winner") -> 13 | D9: =AVERAGEIFS(Data!O:O, Data!C:C, "Winner") -> 7.625 | E9: {=MEDIAN(IF(Data!C:C="Winner", Data!O:O))} -> 7.5
A10: FG% (30-39) | B10: =MINIFS(Data!Q:Q, Data!C:C, "Winner") -> 0.66666667 | C10: =MAXIFS(Data!Q:Q, Data!C:C, "Winner") -> 1 | D10: =AVERAGEIFS(Data!Q:Q, Data!C:C, "Winner") -> 0.93262085 | E10: =MAXIFS(Data!Q:Q, Data!C:C, "Winner") -> 1
A11: FGM (40-49) | B11: =MINIFS(Data!R:R, Data!C:C, "Winner") -> 2 | C11: =MAXIFS(Data!R:R, Data!C:C, "Winner") -> 12 | D11: =AVERAGEIFS(Data!R:R, Data!C:C, "Winner") -> 6.6666667 | E11: {=MEDIAN(IF(Data!C:C="Winner", Data!R:R))} -> 7
A12: FG% (40-49) | B12: =MINIFS(Data!T:T, Data!C:C, "Winner") -> 0.4 | C12: =MAXIFS(Data!T:T, Data!C:C, "Winner") -> 1 | D12: =AVERAGEIFS(Data!T:T, Data!C:C, "Winner") -> 0.8496152 | E12: =MAXIFS(Data!T:T, Data!C:C, "Winner") -> 1
A13: FGM (50+) | B13: =MINIFS(Data!U:U, Data!C:C, "Winner") -> 0 | C13: =MAXIFS(Data!U:U, Data!C:C, "Winner") -> 8 | D13: =AVERAGEIFS(Data!U:U, Data!C:C, "Winner") -> 2.5833333 | E13: {=MEDIAN(IF(Data!C:C="Winner", Data!U:U))} -> 2
A14: FG% (50+) | B14: =MINIFS(Data!W:W, Data!C:C, "Winner") -> 0 | C14: =MAXIFS(Data!W:W, Data!C:C, "Winner") -> 1 | D14: =AVERAGEIFS(Data!W:W, Data!C:C, "Winner") -> 0.74573413 | E14: =MAXIFS(Data!W:W, Data!C:C, "Winner") -> 1
A15: Longest | B15: =MINIFS(Data!X:X, Data!C:C, "Winner") -> 47 | C15: =MAXIFS(Data!X:X, Data!C:C, "Winner") -> 61 | D15: =AVERAGEIFS(Data!X:X, Data!C:C, "Winner") -> 53.833333 | E15: {=MEDIAN(IF(Data!C:C="Winner", Data!X:X))} -> 53
A16: XP% | B16: =MINIFS(Data!AA:AA, Data!C:C, "Winner") -> 0.94545455 | C16: =MAXIFS(Data!AA:AA, Data!C:C, "Winner") -> 1 | D16: =AVERAGEIFS(Data!AA:AA, Data!C:C, "Winner") -> 0.98520654 | E16: {=MEDIAN(IF(Data!C:C="Winner", Data!AA:AA))} -> 1
A17: FGMPG | B17: =MINIFS(Data!AC:AC, Data!C:C, "Winner") -> 1.3 | C17: =MAXIFS(Data!AC:AC, Data!C:C, "Winner") -> 2.3 | D17: =AVERAGEIFS(Data!AC:AC, Data!C:C, "Winner") -> 1.8375 | E17: {=MEDIAN(IF(Data!C:C="Winner", Data!AC:AC))} -> 1.8
A18: Total Points | B18: =MINIFS(Data!AB:AB, Data!C:C, "Winner") -> 79 | C18: =MAXIFS(Data!AB:AB, Data!C:C, "Winner") -> 157 | D18: =AVERAGEIFS(Data!AB:AB, Data!C:C, "Winner") -> 115 | E18: {=MEDIAN(IF(Data!C:C="Winner", Data!AB:AB))} -> 111
A19: Team Wins | B19: =MINIFS(Data!AD:AD, Data!C:C, "Winner") -> 2 | C19: =MAXIFS(Data!AD:AD, Data!C:C, "Winner") -> 12 | D19: =AVERAGEIFS(Data!AD:AD, Data!C:C, "Winner") -> 7.9583333 | E19: {=MEDIAN(IF(Data!C:C="Winner", Data!AD:AD))} -> 8
A22: Year | B22: Winners | C22: Non-Winners
A23: Fr. | B23: =COUNTIFS(Data!C:C, "Winner", Data!E:E, "Fr.") -> 3 | C23: =COUNTIFS(Data!C:C, "<>Winner", Data!E:E, "Fr.") -> 1
A24: So. | B24: =COUNTIFS(Data!C:C, "Winner", Data!E:E, "So.") -> 2 | C24: =COUNTIFS(Data!C:C, "<>Winner", Data!E:E, "So.") -> 10
A25: Jr. | B25: =COUNTIFS(Data!C:C, "Winner", Data!E:E, "Jr.") -> 8 | C25: =COUNTIFS(Data!C:C, "<>Winner", Data!E:E, "Jr.") -> 16
A26: Sr. | B26: =COUNTIFS(Data!C:C, "Winner", Data!E:E, "Sr.") -> 11 | C26: =COUNTIFS(Data!C:C, "<>Winner", Data!E:E, "Sr.") -> 19

Sheet Team Analysis
A1: Conference | B1: Winners | C1: Non-Winners | D1: Total Count
A2: ACC | B2: =COUNTIFS(Data!C:C, "Winner", Data!AE:AE, "ACC") -> 5 | C2: =COUNTIFS(Data!C:C, "<>Winner", Data!AE:AE, "ACC") -> 6 | D2: =B2+C2 -> 11
A3: American | B3: =COUNTIFS(Data!C:C, "Winner", Data!AE:AE, "American") -> 0 | C3: =COUNTIFS(Data!C:C, "<>Winner", Data!AE:AE, "American") -> 2 | D3: =B3+C3 -> 2
A4: Big 12 | B4: =COUNTIFS(Data!C:C, "Winner", Data!AE:AE, "Big 12") -> 2 | C4: =COUNTIFS(Data!C:C, "<>Winner", Data!AE:AE, "Big 12") -> 5 | D4: =B4+C4 -> 7
A5: Big East | B5: =COUNTIFS(Data!C:C, "Winner", Data!AE:AE, "Big East") -> 1 | C5: =COUNTIFS(Data!C:C, "<>Winner", Data!AE:AE, "Big East") -> 0 | D5: =B5+C5 -> 1
A6: Big Ten | B6: =COUNTIFS(Data!C:C, "Winner", Data!AE:AE, "Big Ten") -> 3 | C6: =COUNTIFS(Data!C:C, "<>Winner", Data!AE:AE, "Big Ten") -> 4 | D6: =B6+C6 -> 7
A7: CUSA | B7: =COUNTIFS(Data!C:C, "Winner", Data!AE:AE, "CUSA") -> 2 | C7: =COUNTIFS(Data!C:C, "<>Winner", Data!AE:AE, "CUSA") -> 2 | D7: =B7+C7 -> 4
A8: Indy | B8: =COUNTIFS(Data!C:C, "Winner", Data!AE:AE, "Indy") -> 0 | C8: =COUNTIFS(Data!C:C, "<>Winner", Data!AE:AE, "Indy") -> 2 | D8: =B8+C8 -> 2
A9: MAC | B9: =COUNTIFS(Data!C:C, "Winner", Data!AE:AE, "MAC") -> 1 | C9: =COUNTIFS(Data!C:C, "<>Winner", Data!AE:AE, "MAC") -> 1 | D9: =B9+C9 -> 2
A10: MWC | B10: =COUNTIFS(Data!C:C, "Winner", Data!AE:AE, "MWC") -> 0 | C10: =COUNTIFS(Data!C:C, "<>Winner", Data!AE:AE, "MWC") -> 6 | D10: =B10+C10 -> 6
A11: Pac-12 | B11: =COUNTIFS(Data!C:C, "Winner", Data!AE:AE, "Pac-12") -> 6 | C11: =COUNTIFS(Data!C:C, "<>Winner", Data!AE:AE, "Pac-12") -> 3 | D11: =B11+C11 -> 9
A12: SEC | B12: =COUNTIFS(Data!C:C, "Winner", Data!AE:AE, "SEC") -> 3 | C12: =COUNTIFS(Data!C:C, "<>Winner", Data!AE:AE, "SEC") -> 12 | D12: =B12+C12 -> 15
A13: Sun Belt | B13: =COUNTIFS(Data!C:C, "Winner", Data!AE:AE, "Sun Belt") -> 1 | C13: =COUNTIFS(Data!C:C, "<>Winner", Data!AE:AE, "Sun Belt") -> 2 | D13: =B13+C13 -> 3
A14: WAC | B14: =COUNTIFS(Data!C:C, "Winner", Data!AE:AE, "WAC") -> 0 | C14: =COUNTIFS(Data!C:C, "<>Winner", Data!AE:AE, "WAC") -> 1 | D14: =B14+C14 -> 1
A15: P5/G6
A16: P5 | B16: =COUNTIFS(Data!C:C, "Winner", Data!AF:AF, "P5") -> 20 | C16: =COUNTIFS(Data!C:C, "<>Winner", Data!AF:AF, "P5") -> 32 | D16: =B16+C16 -> 52
A17: G6 | B17: =COUNTIFS(Data!C:C, "Winner", Data!AF:AF, "G6") -> 4 | C17: =COUNTIFS(Data!C:C, "<>Winner", Data!AF:AF, "G6") -> 14 | D17: =B17+C17 -> 18
A19: Category | B19: Average Wins
A20: Winner | B20: =AVERAGEIFS(Data!AD:AD, Data!C:C, "Winner") -> 7.9583333
A21: Non-Winners | B21: =AVERAGEIFS(Data!AD:AD, Data!C:C, "<>Winner") -> 7.8913043

Sheet Journals
A1: https://wsb.wharton.upenn.edu/journal-submission-guidelines/
A2: https://www.sloansportsconference.com/research-paper-competition
A3: https://link.springer.com/collections/hcfbbadeed
A4: https://iaeme.com/Home/journal/IJSA
A5: https://wsb.wharton.upenn.edu/wharton-sports-analytics-journal-2/
A6: https://journals.ku.edu/jams/index (more for examples on how to structure paper)

Sheet Validate
A2: 2000 | B2: Finalist | C2: Alex Walls | D2: Tennessee | Q2: =DIVIDE(O2,P2) -> #DIV/0! | T2: =DIVIDE(R2,S2) -> #DIV/0! | AC2: Missing
A3: 2000 | B3: Finalist | C3: Jamie Rheem | D3: Kansas State | Q3: =DIVIDE(O3,P3) -> #DIV/0! | T3: =DIVIDE(R3,S3) -> #DIV/0! | AC3: Missing
A4: 2001 | B4: Finalist | C4: Damon Duval | D4: Auburn | Q4: =DIVIDE(O4,P4) -> #DIV/0! | T4: =DIVIDE(R4,S4) -> #DIV/0! | AC4: Missing
A5: 2001 | B5: Finalist | C5: Travis Dorsch | D5: Purdue | Q5: =DIVIDE(O5,P5) -> #DIV/0! | T5: =DIVIDE(R5,S5) -> #DIV/0! | AC5: Missing
A6: 2002 | B6: Finalist | C6: Mike Nugent | D6: Ohio State | G6: =E6/F6 -> #DIV/0! | Q6: =DIVIDE(O6,P6) -> #DIV/0! | T6: =DIVIDE(R6,S6) -> #DIV/0! | AC6: Missing
A7: 2002 | B7: Finalist | C7: Jared Siegel | D7: Oregon | G7: =E7/F7 -> #DIV/0! | Q7: =DIVIDE(O7,P7) -> #DIV/0! | T7: =DIVIDE(R7,S7) -> #DIV/0! | AC7: Missing
A8: 2003 | B8: Finalist | C8: Nate Kaeding | D8: Iowa | Q8: =DIVIDE(O8,P8) -> #DIV/0! | T8: =DIVIDE(R8,S8) -> #DIV/0! | AC8: Missing
A9: 2003 | B9: Finalist | C9: Trey Dicarlo | D9: Oklahoma | Q9: =DIVIDE(O9,P9) -> #DIV/0! | T9: =DIVIDE(R9,S9) -> #DIV/0! | AC9: Missing
A10: 2003 | B10: Consensus AA | C10: Nick Browne | D10: TCU | Q10: =DIVIDE(O10,P10) -> #DIV/0! | T10: =DIVIDE(R10,S10) -> #DIV/0! | AC10: Missing
A11: 2000 | B11: Winner | C11: Jonathan Ruffin | D11: Cincinnati | E11: 26 | F11: 29 | G11: =E11/F11 -> 0.89655172 | Q11: =DIVIDE(O11,P11) -> #DIV/0! | T11: =DIVIDE(R11,S11) -> #DIV/0! | V11: 26 | W11: 27 | X11: =V11/W11 -> 0.96296296 | Y11: 104 | AC11: Partial
A12: 1999 | B12: Winner | C12: Sebastian Janikowski | D12: Florida State | E12: 23 | F12: 30 | G12: =E12/F12 -> 0.76666667 | Q12: =DIVIDE(O12,P12) -> #DIV/0! | T12: =DIVIDE(R12,S12) -> #DIV/0! | V12: 47 | W12: 47 | X12: =V12/W12 -> 1 | AC12: Partial
A13: 1998 | B13: Winner | C13: Sebastian Janikowski | D13: Florida State | E13: 27 | F13: 32 | G13: =E13/F13 -> 0.84375 | Q13: =DIVIDE(O13,P13) -> #DIV/0! | T13: =DIVIDE(R13,S13) -> #DIV/0! | V13: 42 | W13: 43 | X13: =V13/W13 -> 0.97674419 | AC13: Partial
A14: 1997 | B14: Winner | C14: Martin Gramatica | D14: Kansas State | E14: 19 | F14: 20 | G14: =E14/F14 -> 0.95 | Q14: =DIVIDE(O14,P14) -> #DIV/0! | T14: =DIVIDE(R14,S14) -> #DIV/0! | V14: 37 | W14: 38 | X14: =V14/W14 -> 0.97368421 | AC14: Partial
A15: 1996 | B15: Winner | C15: Marc Primanti | D15: NC State | E15: 20 | F15: 20 | G15: =E15/F15 -> 1 | Q15: =DIVIDE(O15,P15) -> #DIV/0! | T15: =DIVIDE(R15,S15) -> #DIV/0! | V15: 24 | W15: 24 | X15: =V15/W15 -> 1 | AC15: Partial
A16: 1995 | B16: Winner | C16: Michael Reeder | D16: TCU | E16: 23 | F16: 25 | G16: =E16/F16 -> 0.92 | Q16: =DIVIDE(O16,P16) -> #DIV/0! | T16: =DIVIDE(R16,S16) -> #DIV/0! | V16: 20 | W16: 20 | X16: =V16/W16 -> 1 | AC16: Partial
A17: 1994 | B17: Winner | C17: Steve Mclaughlin | D17: Arizona | E17: 23 | F17: 29 | G17: =E17/F17 -> 0.79310345 | Q17: =DIVIDE(O17,P17) -> #DIV/0! | T17: =DIVIDE(R17,S17) -> #DIV/0! | V17: 26 | W17: 26 | X17: =V17/W17 -> 1 | AC17: Partial
A18: 1993 | B18: Winner | C18: Judd Davis | D18: Florida | E18: 15 | F18: 19 | G18: =E18/F18 -> 0.78947368 | Q18: =DIVIDE(O18,P18) -> #DIV/0! | T18: =DIVIDE(R18,S18) -> #DIV/0! | V18: 51 | W18: 53 | X18: =V18/W18 -> 0.96226415 | AC18: Partial
A19: 1992 | B19: Winner | C19: Joe Allison | D19: Memphis | E19: 23 | F19: 24 | G19: =E19/F19 -> 0.95833333 | Q19: =DIVIDE(O19,P19) -> #DIV/0! | T19: =DIVIDE(R19,S19) -> #DIV/0! | V19: 33 | W19: 33 | X19: =V19/W19 -> 1 | AC19: Partial
A20: 2009 | B20: Finalist | C20: Leigh Tiffin | D20: Alabama | E20: 30 | F20: 35 | G20: =E20/F20 -> 0.85714286 | V20: 42 | W20: 46 | X20: =V20/W20 -> 0.91304348 | Y20: 132 | AC20: Partial
A21: 2002 | B21: Winner | C21: Nate Kaeding | D21: Iowa | E21: 20 | F21: 22 | G21: =E21/F21 -> 0.90909091 | Q21: =DIVIDE(O21,P21) -> #DIV/0! | T21: =DIVIDE(R21,S21) -> #DIV/0! | V21: 55 | W21: 56 | X21: =V21/W21 -> 0.98214286 | Y21: 120 | AC21: Partial

Sheet Sheet13
A1: Year | B1: Winner Score | C1: Highest Non-Winner Score | D1: Clear Leader | E1: Tied At Top | F1: Outscored | H1: Clear Leader Years | I1: Score | J1: Tied/Outscored Years
A2: 2025 | B2: 9 | C2: 8 | D2: x | H2: 2025 | I2: 11 | J2: 2023
A3: 2024 | B3: 8 | C3: 7 | D3: x | H3: 2024 | I3: 10 | J3: 2022
A4: 2023 | B4: 8 | C4: 8 | E4: x | H4: 2020 | I4: 9 | J4: 2021
A5: 2022 | B5: 9 | C5: 9 | E5: x | H5: 2019 | I5: 10 | J5: 2016
A6: 2021 | B6: 6 | C6: 6 | E6: x | H6: 2018 | I6: 11 | J6: 2015
A7: 2020 | B7: 8 | C7: 6 | D7: x | H7: 2017 | I7: 11 | J7: 2014
A8: 2019 | B8: 8 | C8: 7 | D8: x | H8: 2013 | I8: 7 | J8: 2012
A9: 2018 | B9: 9 | C9: 8 | D9: x | H9: 2011 | I9: 9 | J9: 2010
A10: 2017 | B10: 9 | C10: 5 | D10: x | H10: 2009 | I10: 10 | J10: 2007
A11: 2016 | B11: 9 | C11: 8 | D11: x | H11: 2008 | I11: 10 | J11: 2006
A12: 2015 | B12: 8 | C12: 8 | E12: x | J12: 2005
A13: 2014 | B13: 8 | C13: 8 | E13: x | J13: 2004
A14: 2013 | B14: 6 | C14: 5 | D14: x
A15: 2012 | B15: 9 | C15: 9 | E15: x
A16: 2011 | B16: 7 | C16: 7 | E16: x
A17: 2010 | B17: 8 | C17: 8 | E17: x
A18: 2009 | B18: 8 | C18: 6 | D18: x
A19: 2008 | B19: 9 | C19: 7 | D19: x
A20: 2007 | B20: 7 | C20: 7 | E20: x
A21: 2006 | B21: 5 | C21: 8 | F21: x
A22: 2005 | B22: 5 | C22: 6 | F22: x
A23: 2004 | B23: 7 | C23: 7 | E23: x
B50: 7

Sheet Other Ideas
A1: Win Rates Per Point Total (on Groza Grid rubric)
A2: Score | B2: Winners | C2: Runners-up | D2: Win Rate
A3: 9 | B3: 7 | C3: 2 | D3: 0.778
A4: 8 | B4: 8 | C4: 13 | D4: 0.381
A5: 7 | B5: 3 | C5: 10 | D5: 0.231
A6: 6 | B6: 2 | C6: 10 | D6: 0.167
A7: 5 | B7: 2 | C7: 5 | D7: 0.286
A8: 4 | B8: 0 | C8: 5 | D8: 0
